epoch,step,train_loss
0,49,0.007480855565518141
0,99,0.010618439875543118
