epoch,step,train_loss
0,49,0.012476450763642788
0,99,0.012917113490402699
