epoch,step,train_loss
0,49,0.16672374308109283
0,99,0.19499149918556213
