epoch,step,train_loss
0,49,0.01440295297652483
0,99,0.011945138685405254
