epoch,step,train_loss
0,49,0.08928262442350388
0,99,0.03407818824052811
