epoch,step,train_loss
0,49,0.14686629176139832
0,99,0.09567027539014816
